{"assembly": {"attributes": {"name": "Assembly", "color.vertex": null, "color.edge": null, "color.face": null}, "dva": {"x": 0.0, "y": 0.0, "z": 0.0, "is_support": false, "is_placed": false, "course": null}, "dea": {"interface_points": null, "interface_type": null, "niterface_size": null, "interface_uvw": null, "interface_origin": null, "interface_forces": null}, "vertex": {"0": {"x": 1.0999999999999999, "y": 0.5, "z": 0.25, "is_support": false, "is_placed": false, "course": null}, "1": {"x": 1.0, "y": 0.5499999999999999, "z": 0.75, "is_support": false, "is_placed": false, "course": null}, "2": {"x": 1.0999999999999999, "y": 0.5, "z": 1.25, "is_support": false, "is_placed": false, "course": null}, "3": {"x": 1.0499999999999998, "y": 0.5, "z": 1.75, "is_support": false, "is_placed": false, "course": null}, "4": {"x": 1.0, "y": 0.5499999999999999, "z": 2.25, "is_support": false, "is_placed": false, "course": null}, "5": {"x": 1.0999999999999999, "y": 0.5, "z": 2.75, "is_support": false, "is_placed": false, "course": null}, "6": {"x": 1.0, "y": 0.5099999999999999, "z": 3.25, "is_support": false, "is_placed": false, "course": null}, "7": {"x": 1.0099999999999998, "y": 0.5, "z": 3.75, "is_support": false, "is_placed": false, "course": null}, "8": {"x": 1.0, "y": 0.6000000000000001, "z": 4.25, "is_support": false, "is_placed": false, "course": null}, "9": {"x": 1.0, "y": 0.5499999999999999, "z": 4.75, "is_support": false, "is_placed": false, "course": null}, "10": {"x": 1.05, "y": 0.55, "z": 0.0, "is_support": true, "is_placed": true, "course": null}}, "edge": {"0": {"10": {"interface_points": [[0.10000000000000009, 0.0, 0.0], [2.1, 1.1102230246251565e-16, 0.0], [2.1, 1.0, 0.0], [0.10000000000000009, 0.9999999999999999, 0.0]], "interface_type": "face_face", "niterface_size": null, "interface_uvw": [[-0.8944271909999159, -0.4472135954999579, 0.0], [-0.4472135954999579, 0.8944271909999159, 0.0], [0.0, 0.0, -1.0]], "interface_origin": [1.1, 0.5, 0.0], "interface_forces": null, "interface_size": 2.0}, "1": {"interface_points": [[0.10000000000000009, 0.04999999999999999, 0.5], [0.10000000000000009, 0.9999999999999999, 0.5], [2.0, 1.0, 0.5], [2.0, 0.050000000000000155, 0.5]], "interface_type": "face_face", "niterface_size": null, "interface_uvw": [[-0.8944271909999159, -0.4472135954999579, 0.0], [0.4472135954999579, -0.8944271909999159, 0.0], [0.0, 0.0, 1.0]], "interface_origin": [1.1, 0.5, 0.5], "interface_forces": null, "interface_size": 1.8049999999999997}}, "1": {"2": {"interface_points": [[2.0, 1.0, 1.0], [2.0, 0.050000000000000155, 1.0], [0.09999999999999998, 0.050000000000000044, 1.0], [0.09999999999999998, 0.9999999999999999, 1.0]], "interface_type": "face_face", "niterface_size": null, "interface_uvw": [[-0.8944271909999159, -0.4472135954999579, 0.0], [0.4472135954999579, -0.8944271909999159, 0.0], [0.0, 0.0, 1.0]], "interface_origin": [1.0, 0.55, 1.0], "interface_forces": null, "interface_size": 1.8049999999999997}}, "2": {"3": {"interface_points": [[2.05, 1.6653345369377348e-16, 1.5], [0.10000000000000009, 0.0, 1.5], [0.10000000000000009, 0.0, 1.5], [0.10000000000000009, 0.9999999999999998, 1.5], [1.825, 1.0, 1.5], [2.05, 1.0, 1.5]], "interface_type": "face_face", "niterface_size": null, "interface_uvw": [[-0.8944271909999159, -0.4472135954999579, 0.0], [0.4472135954999579, -0.8944271909999159, 0.0], [0.0, 0.0, 1.0]], "interface_origin": [1.1, 0.5, 1.5], "interface_forces": null, "interface_size": 1.9499999999999997}}, "3": {"4": {"interface_points": [[0.050000000000000044, 0.0500000000000001, 2.0], [0.050000000000000044, 1.0, 2.0], [2.0, 1.0, 2.0], [2.0, 0.04999999999999993, 2.0]], "interface_type": "face_face", "niterface_size": null, "interface_uvw": [[-0.8944271909999159, -0.447213595499958, 0.0], [0.447213595499958, -0.8944271909999159, 0.0], [0.0, 0.0, 1.0]], "interface_origin": [1.0499999999999998, 0.5, 2.0], "interface_forces": null, "interface_size": 1.8525}}, "4": {"5": {"interface_points": [[2.0, 1.0, 2.5], [2.0, 0.050000000000000155, 2.5], [0.09999999999999998, 0.050000000000000044, 2.5], [0.09999999999999998, 0.9999999999999999, 2.5]], "interface_type": "face_face", "niterface_size": null, "interface_uvw": [[-0.8944271909999159, -0.4472135954999579, 0.0], [0.4472135954999579, -0.8944271909999159, 0.0], [0.0, 0.0, 1.0]], "interface_origin": [1.0, 0.55, 2.5], "interface_forces": null, "interface_size": 1.8049999999999997}}, "5": {"6": {"interface_points": [[0.10000000000000009, 0.009999999999999953, 3.0], [0.10000000000000009, 0.9999999999999999, 3.0], [2.0, 1.0, 3.0], [2.0, 0.01000000000000012, 3.0]], "interface_type": "face_face", "niterface_size": null, "interface_uvw": [[-0.8944271909999159, -0.4472135954999579, 0.0], [0.4472135954999579, -0.8944271909999159, 0.0], [0.0, 0.0, 1.0]], "interface_origin": [1.1, 0.5, 3.0], "interface_forces": null, "interface_size": 1.881}}, "6": {"7": {"interface_points": [[2.0, 1.0, 3.5], [2.0, 0.01000000000000012, 3.5], [0.009999999999999898, 0.010000000000000009, 3.5], [0.009999999999999898, 0.9999999999999999, 3.5]], "interface_type": "face_face", "niterface_size": null, "interface_uvw": [[-0.8944271909999159, -0.4472135954999579, 0.0], [0.4472135954999579, -0.8944271909999159, 0.0], [0.0, 0.0, 1.0]], "interface_origin": [1.0, 0.51, 3.5], "interface_forces": null, "interface_size": 1.9701000000000002}}, "7": {"8": {"interface_points": [[0.009999999999999898, 0.10000000000000003, 4.0], [0.010000000000000009, 1.0, 4.0], [2.0, 1.0, 4.0], [2.0, 0.09999999999999998, 4.0]], "interface_type": "face_face", "niterface_size": null, "interface_uvw": [[-0.8944271909999159, -0.447213595499958, 0.0], [0.447213595499958, -0.8944271909999159, 0.0], [0.0, 0.0, 1.0]], "interface_origin": [1.0099999999999998, 0.5, 4.0], "interface_forces": null, "interface_size": 1.7910000000000001}}, "8": {"9": {"interface_points": [[2.0, 0.09999999999999998, 4.5], [0.0, 0.09999999999999998, 4.5], [0.0, 0.9083333333333334, 4.5], [0.0, 1.05, 4.5], [2.0, 1.05, 4.5]], "interface_type": "face_face", "niterface_size": null, "interface_uvw": [[-0.8944271909999159, -0.44721359549995804, 0.0], [0.44721359549995804, -0.8944271909999159, 0.0], [0.0, 0.0, 1.0]], "interface_origin": [1.0, 0.6000000000000001, 4.5], "interface_forces": null, "interface_size": 1.9000000000000001}}, "9": {}, "10": {}}, "halfedge": {"0": {"10": "None", "1": "None"}, "1": {"0": "None", "2": "None"}, "2": {"1": "None", "3": "None"}, "3": {"2": "None", "4": "None"}, "4": {"3": "None", "5": "None"}, "5": {"4": "None", "6": "None"}, "6": {"5": "None", "7": "None"}, "7": {"6": "None", "8": "None"}, "8": {"7": "None", "9": "None"}, "9": {"8": "None"}, "10": {"0": "None"}}, "max_int_key": 10}, "blocks": {"0": {"attributes": {"name": "Block"}, "dva": {"x": 0.0, "y": 0.0, "z": 0.0}, "dea": {}, "dfa": {}, "vertex": {"0": {"x": 0.1, "y": 0.0, "z": 0.0}, "1": {"x": 0.1, "y": 1.0, "z": 0.0}, "2": {"x": 2.1, "y": 1.0, "z": 0.0}, "3": {"x": 2.1, "y": 0.0, "z": 0.0}, "4": {"x": 0.1, "y": 0.0, "z": 0.5}, "5": {"x": 2.1, "y": 0.0, "z": 0.5}, "6": {"x": 2.1, "y": 1.0, "z": 0.5}, "7": {"x": 0.1, "y": 1.0, "z": 0.5}}, "face": {"0": ["0", "1", "2", "3"], "1": ["0", "3", "5", "4"], "2": ["3", "2", "6", "5"], "3": ["2", "1", "7", "6"], "4": ["1", "0", "4", "7"], "5": ["4", "5", "6", "7"]}, "facedata": {"0": {}, "1": {}, "2": {}, "3": {}, "4": {}, "5": {}}, "edgedata": {}, "max_int_key": 7, "max_int_fkey": 5}, "1": {"attributes": {"name": "Block"}, "dva": {"x": 0.0, "y": 0.0, "z": 0.0}, "dea": {}, "dfa": {}, "vertex": {"0": {"x": 0.0, "y": 0.05, "z": 0.5}, "1": {"x": 0.0, "y": 1.05, "z": 0.5}, "2": {"x": 2.0, "y": 1.05, "z": 0.5}, "3": {"x": 2.0, "y": 0.05, "z": 0.5}, "4": {"x": 0.0, "y": 0.05, "z": 1.0}, "5": {"x": 2.0, "y": 0.05, "z": 1.0}, "6": {"x": 2.0, "y": 1.05, "z": 1.0}, "7": {"x": 0.0, "y": 1.05, "z": 1.0}}, "face": {"0": ["0", "1", "2", "3"], "1": ["0", "3", "5", "4"], "2": ["3", "2", "6", "5"], "3": ["2", "1", "7", "6"], "4": ["1", "0", "4", "7"], "5": ["4", "5", "6", "7"]},