{"assembly": {"attributes": {"name": "Assembly", "color.vertex": null, "color.edge": null, "color.face": null}, "dva": {"x": 0.0, "y": 0.0, "z": 0.0, "is_support": false, "course": null}, "dea": {"interface_points": null, "interface_type": null, "niterface_size": null, "interface_uvw": null, "interface_origin": null, "interface_forces": null}, "vertex": {"0": {"x": 1.2, "y": 0.6, "z": -0.005, "is_support": true, "course": null}, "1": {"x": 1.0, "y": 0.6000000000000001, "z": 0.25, "is_support": false, "course": null}, "2": {"x": 0.9500000000000001, "y": 0.5, "z": 0.75, "is_support": false, "course": null}, "3": {"x": 1.0099999999999998, "y": 0.5, "z": 1.25, "is_support": false, "course": null}, "4": {"x": 1.0499999999999998, "y": 0.5, "z": 1.75, "is_support": false, "course": null}, "5": {"x": 0.8999999999999999, "y": 0.5, "z": 2.25, "is_support": false, "course": null}, "6": {"x": 1.0999999999999999, "y": 0.5, "z": 2.75, "is_support": false, "course": null}, "7": {"x": 1.0999999999999999, "y": 0.5, "z": 3.25, "is_support": false, "course": null}, "8": {"x": 1.0499999999999998, "y": 0.5, "z": 3.75, "is_support": false, "course": null}, "9": {"x": 0.9900000000000001, "y": 0.5, "z": 4.25, "is_support": false, "course": null}, "10": {"x": 1.0, "y": 0.5499999999999999, "z": 4.75, "is_support": false, "course": null}}, "edge": {"0": {}, "1": {}, "2": {}, "3": {}, "4": {}, "5": {"6": {"interface_points": [[1.90173361726844, 0.9823076173069947, 2.5], [1.918573898375033, 0.017528558859087905, 2.5], [1.2232425145616577, 0.005391504407998057, 2.5], [0.0831594246296537, 0.04520408319295307, 2.5], [0.1160203266751332, 0.9862171972723832, 2.5], [1.231972041450874, 1.0056962069105495, 2.5]], "interface_type": "face_face", "niterface_size": null, "interface_uvw": [[0.9998476951563913, 0.017452406437283515, 0.0], [-0.017452406437283515, 0.9998476951563913, 0.0], [0.0, 0.0, 1.0]], "interface_origin": [-0.08112149193774962, -0.01737625401547912, 2.5], "interface_forces": null, "interface_size": 1.7657392479482894}}, "6": {}, "7": {}, "8": {}, "9": {}, "10": {}}, "halfedge": {"0": {}, "1": {}, "2": {}, "3": {}, "4": {}, "5": {"6": "None"}, "6": {"5": "None"}, "7": {}, "8": {}, "9": {}, "10": {}}, "max_int_key": 10}, "blocks": {"0": {"attributes": {"name": "Block"}, "dva": {"x": 0.0, "y": 0.0, "z": 0.0}, "dea": {}, "dfa": {}, "vertex": {"0": {"x": -0.19999999999999996, "y": -0.009821355061648223, "z": -0.020470682338152066}, "1": {"x": -0.19999999999999996, "y": 1.1899958791260214, "z": 0.00047220538658815023}, "2": {"x": 2.2, "y": 1.1899958791260214, "z": 0.00047220538658815023}, "3": {"x": 2.2, "y": -0.009821355061648223, "z": -0.020470682338152066}, "4": {"x": -0.19999999999999996, "y": -0.009995879126021059, "z": -0.01047220538658815}, "5": {"x": 2.2, "y": -0.009995879126021059, "z": -0.01047220538658815}, "6": {"x": 2.2, "y": 1.1898213550616485, "z": 0.010470682338152064}, "7": {"x": -0.19999999999999996, "y": 1.1898213550616485, "z": 0.010470682338152064}}, "face": {"0": ["0", "1", "2", "3"], "1": ["0", "3", "5", "4"], "2": ["3", "2", "6", "5"], "3": ["2", "1", "7", "6"], "4": ["1", "0", "4", "7"], "5": ["4", "5", "6", "7"]}, "facedata": {"0": {}, "1": {}, "2": {}, "3": {}, "4": {}, "5": {}}, "edgedata": {}, "max_int_key": 7, "max_int_fkey": 5}, "1": {"attributes": {"name": "Block"}, "dva": {"x": 0.0, "y": 0.0, "z": 0.0}, "dea": {}, "dfa": {}, "vertex": {"0": {"x": -0.01, "y": 0.10902946066607737, "z": -0.0172974551060244}, "1": {"x": -0.01, "y": 1.1084202876851732, "z": 0.01760204159647657}, "2": {"x": 1.99, "y": 1.1084202876851732, "z": 0.01760204159647657}, "3": {"x": 1.99, "y": 0.10902946066607737, "z": -0.0172974551060244}, "4": {"x": -0.01, "y": 0.09157971231482688, "z": 0.4823979584035235}, "5": {"x": 1.99, "y": 0.09157971231482688, "z": 0.4823979584035235}, "6": {"x": 1.99, "y": 1.0909705393339226, "z": 0.5172974551060244}, "7": {"x": -0.01, "y": 1.0909705393339226, "z": 0.5172974551060244}}, "face": {"0": ["0", "1", "2", "3"], "1": ["0", "3", "5", "4"], "2": ["3", "2", "6", "5"], "3": ["2", "1", "7", "6"], "4": ["1", "0", "4", "7"], "5": ["4", "5", "6", "7"]}, "facedata": {"0": {}, "1": {}, "2": {}, "3": {}, "4": {}, "5": {}}, "edgedata": {}, "max_int_key": 7, "max_int_fkey": 5}, "2": {"attributes": {"name": "Block"}, "dva": {"x": 0.0, "y": 0.0, "z": 0.0}, "dea": {}, "dfa": {}, "vertex": {"0": {"x": -0.04066595284347045, "y": 0.0, "z": 0.4752527965427252}, "1": {"x": -0.04066595284347045, "y": 1.0, "z": 0.4752527965427252}, "2": {"x": 1.9581157011947208, "y": 1.0, "z": 0.5450517899477271}, "3": {"x": 1.9581157011947208, "y": 0.0, "z": 0.5450517899477271}, "4": {"x": -0.05811570119472094, "y": 0.0, "z": 0.9749482100522731}, "5": {"x": 1.9406659528434704, "y": 0.0, "z": 1.044747203457275}, "6": {"x": 1.9406659528434704, "y": 1.0, "z": 1.044747203457275}, "7": {"x": -0.05811570119472094, "y": 1.0, "z": 0.9749482100522731}}, "face": {"0": ["0", "1", "2", "3"], "1": ["0", "3", "5", "4"], "2": ["3", "2", "6", "5"], "3": ["2", "1", "7", "6"], "4": ["1", "0", "4", "7"], "5": ["4", "5", "6", "7"]}, "facedata": {"0": {}, "1": {}, "2": {}, "3": {}, "4": {}, "5": {}}, "edgedata": {}, "max_int_key": 7, "max_int_fkey": 5}, "3": {"attributes": {"name": "Block"}, "dva": {"x": 0.0, "y": 0.0, "z": 0.0}, "dea": {}, "dfa": {}, "vertex": {"0": {"x": -0.006840575370346233, "y": 0.0452040831929531, "z": 1.0}, "1": {"x": 0.028058921332154735, "y": 1.0445949102120489, "z": 1.0}, "2": {"x": 2.026840575370346, "y": 0.9747959168070469, "z": 1.0}, "3": {"x": 1.9919410786678449, "y": -0.02459491021204884, "z": 1.0}, "4": {"x": -0.006840575370346233, "y": 0.0452040831929531, "z": 1.5}, "5": {"x": 1.9919410786678449, "y": -0.02459491021204884, "z": 1.5}, "6": {"x": 2.026840575370346, "y": 0.9747959168070469, "z": 1.5}, "7": {"x": 0.028058921332154735, "y": 1.0445949102120489, "z": 1.5}}, "face": {"0": ["0", "1", "2", "3"], "1": ["0", "3", "5", "4"], "2": ["3", "2", "6", "5"], "3": ["2", "1", "7", "6"], "4": ["1", "0", "4", "7"], "5": ["4", "5", "6", "7"]}, "facedata": {"0": {}, "1": {}, "2": {}, "3": {}, "4": {}, "5": {}}, "edgedata": {}, "max_int_key": 7, "max_int_fkey": 5}, "4": {"attributes": {"name": "Block"}, "dva": {"x": 0.0, "y": 0.0, "z": 0.0}, "dea": {}, "dfa": {}, "vertex": {"0": {"x": 0.045789203234287784, "y": 0.0, "z": 1.5074904826481859}, "1": {"x": 0.045789203234287784, "y": 1.0, "z": 1.5074904826481859}, "2": {"x": 2.0454845935470702, "y": 1.0, "z": 1.4725856697736188}, "3": {"x": 2.0454845935470702, "y": 0.0, "z": 1.4725856697736188}, "4": {"x": 0.05451540645292954, "y": 0.0, "z": 2.0074143302263816}, "5": {"x": 2.0542107967657115, "y": 0.0, "z": 1.9725095173518143}, "6": {"x": 2.0542107967657115, "y": 1.0, "z": 1.9725095173518143}, "7": {"x": 0.05451540645292954, "y": 1.0, "z": 2.0074143302263816}}, "face": {"0": ["0", "1", "2", "3"], "1": ["0", "3", "5", "4"], "2": ["3", "2", "6", "5"], "3": ["2", "1", "7", "6"], "4": ["1", "0", "4", "7"], "5": ["4", "5", "6", "7"]}, "facedata": {"0": {}, "1": {}, "2": {}, "3": {}, "4": {}, "5": {}}, "edgedata": {}, "max_int_key": 7, "max_int_fkey": 5}, "5": {"attributes": {"name": "Block"}, "dva": {"x": 0.0, "y": 0.0, "z": 0.0}, "dea": {}, "dfa": {}, "vertex": {"0": {"x": -0.08112149193774962, "y": -0.01737625401547912, "z": 2.0}, "1": {"x": -0.09857389837503311, "y": 0.9824714411409121, "z": 2.0}, "2": {"x": 1.9011214919377493, "y": 1.0173762540154792, "z": 2.0}, "3": {"x": 1.9185738983750327, "y": 0.017528558859087905, "z": 2.0}, "4": {"x": -0.08112149193774962, "y": -0.01737625401547912, "z": 2.5}, "5": {"x": 1.9185738983750327, "y": 0.017528558859087905, "z": 2.5}, "6": {"x": 1.9011214919377493, "y": 1.0173762540154792, "z": 2.5}, "7": {"x": -0.09857389837503311, "y": 0.9824714411409121, "z": 2.5}}, "face": {"0": ["0", "1", "2", "3"], "1": ["0", "3", "5", "4"], "2": ["3", "2", "6", "5"], "3": ["2", "1", "7", "6"], "4": ["1", "0", "4", "7"], "5": ["4", "5", "6", "7"]}, "facedata": {"0": {}, "1": {}, "2": {}, "3": {}, "4": {},