{"assembly": {"attributes": {"name": "Assembly", "color.vertex": null, "color.edge": null, "color.face": null}, "dva": {"x": 0.0, "y": 0.0, "z": 0.0, "is_support": false, "course": null}, "dea": {"interface_points": null, "interface_type": null, "niterface_size": null, "interface_uvw": null, "interface_origin": null, "interface_forces": null}, "vertex": {"0": {"x": 1.2, "y": 0.6, "z": -0.005, "is_support": true, "course": null}, "1": {"x": 1.2000000000000002, "y": 0.5499999999999999, "z": 0.25, "is_support": false, "course": null}, "2": {"x": 0.7999999999999999, "y": 0.44999999999999996, "z": 0.75, "is_support": false, "course": null}, "3": {"x": 1.2000000000000002, "y": 0.5499999999999999, "z": 1.25, "is_support": false, "course": null}, "4": {"x": 1.2000000000000002, "y": 0.5499999999999999, "z": 1.75, "is_support": false, "course": null}, "5": {"x": 1.2000000000000002, "y": 0.5499999999999999, "z": 2.25, "is_support": false, "course": null}, "6": {"x": 0.7999999999999999, "y": 0.44999999999999996, "z": 2.75, "is_support": false, "course": null}, "7": {"x": 0.7999999999999999, "y": 0.44999999999999996, "z": 3.25, "is_support": false, "course": null}, "8": {"x": 1.2000000000000002, "y": 0.5499999999999999, "z": 3.75, "is_support": false, "course": null}, "9": {"x": 1.2000000000000002, "y": 0.5499999999999999, "z": 4.25, "is_support": false, "course": null}, "10": {"x": 1.2000000000000002, "y": 0.5499999999999999, "z": 4.75, "is_support": false, "course": null}}, "edge": {"0": {}, "1": {}, "2": {}, "3": {}, "4": {}, "5": {}, "6": {}, "7": {}, "8": {}, "9": {"10": {"interface_points": [[2.174314459722857, 0.08336983081613022, 4.5], [1.2000000000000004, 0.04934602015567163, 4.5], [0.22568554027714338, 0.08336983081613022, 4.5], [0.1993904557011781, 0.8363625328291587, 4.5], [0.20563670231551973, 1.0152316329449993, 4.5], [1.200000000000002, 1.0499555644544933, 4.5], [2.19436329768448, 1.0152316329449997, 4.5], [2.2006095442988216, 0.8363625328291465, 4.5]], "interface_type": "face_face", "niterface_size": null, "interface_uvw": [[0.9993908270190958, 0.03489949670250096, 0.0], [-0.03489949670250096, 0.9993908270190958, 0.0], [0.0, 0.0, 1.0]], "interface_origin": [0.22805892133215475, 0.015405089787951153, 4.5], "interface_forces": null, "interface_size": 1.9116204528054754}}, "10": {}}, "halfedge": {"0": {}, "1": {}, "2": {}, "3": {}, "4": {}, "5": {}, "6": {}, "7": {}, "8": {}, "9": {"10": "None"}, "10": {"9": "None"}}, "max_int_key": 10}, "blocks": {"0": {"attributes": {"name": "Block"}, "dva": {"x": 0.0, "y": 0.0, "z": 0.0}, "dea": {}, "dfa": {}, "vertex": {"0": {"x": 2.220446049250313e-16, "y": -0.049821355061648455, "z": -0.010470682338152067}, "1": {"x": 2.220446049250313e-16, "y": 1.1499958791260212, "z": 0.010472205386588147}, "2": {"x": 2.4000000000000004, "y": 1.1499958791260212, "z": 0.010472205386588147}, "3": {"x": 2.4000000000000004, "y": -0.049821355061648455, "z": -0.010470682338152067}, "4": {"x": 2.220446049250313e-16, "y": -0.04999587912602129, "z": -0.00047220538658815305}, "5": {"x": 2.4000000000000004, "y": -0.04999587912602129, "z": -0.00047220538658815305}, "6": {"x": 2.4000000000000004, "y": 1.1498213550616483, "z": 0.02047068233815206}, "7": {"x": 2.220446049250313e-16, "y": 1.1498213550616483, "z": 0.02047068233815206}}, "face": {"0": ["0", "1", "2", "3"], "1": ["0", "3", "5", "4"], "2": ["3", "2", "6", "5"], "3": ["2", "1", "7", "6"], "4": ["1", "0", "4", "7"], "5": ["4", "5", "6", "7"]}, "facedata": {"0": {}, "1": {}, "2": {}, "3": {}, "4": {}, "5": {}}, "edgedata": {}, "max_int_key": 7, "max_int_fkey": 5}, "1": {"attributes": {"name": "Block"}, "dva": {"x": 0.0, "y": 0.0, "z": 0.0}, "dea": {}, "dfa": {}, "vertex": {"0": {"x": 0.21805892133215474, "y": 0.015405089787951153, "z": 0.01}, "1": {"x": 0.18315942462965376, "y": 1.0147959168070468, "z": 0.01}, "2": {"x": 2.1819410786678453, "y": 1.084594910212049, "z": 0.01}, "3": {"x": 2.2168405753703464, "y": 0.08520408319295308, "z": 0.01}, "4": {"x": 0.21805892133215474, "y": 0.015405089787951153, "z": 0.51}, "5": {"x": 2.2168405753703464, "y": 0.08520408319295308, "z": 0.51}, "6": {"x": 2.1819410786678453, "y": 1.084594910212049, "z": 0.51}, "7": {"x": 0.18315942462965376, "y": 1.0147959168070468, "z": 0.51}}, "face": {"0": ["0", "1", "2", "3"], "1": ["0", "3", "5", "4"], "2": ["3", "2", "6", "5"], "3": ["2", "1", "7", "6"], "4": ["1", "0", "4", "7"], "5": ["4", "5", "6", "7"]}, "facedata": {"0": {}, "1": {}, "2": {}, "3": {}, "4": {}, "5": {}}, "edgedata": {}, "max_int_key": 7, "max_int_fkey": 5}, "2": {"attributes": {"name": "Block"}, "dva": {"x": 0.0, "y": 0.0, "z": 0.0}, "dea": {}, "dfa": {}, "vertex": {"0": {"x": -0.18194107866784534, "y": -0.09459491021204887, "z": 0.5}, "1": {"x": -0.2168405753703463, "y": 0.9047959168070469, "z": 0.5}, "2": {"x": 1.7819410786678453, "y": 0.9745949102120488, "z": 0.5}, "3": {"x": 1.8168405753703463, "y": -0.02479591680704693, "z": 0.5}, "4": {"x": -0.18194107866784534, "y": -0.09459491021204887, "z": 1.0}, "5": {"x": 1.8168405753703463, "y": -0.02479591680704693, "z": 1.0}, "6": {"x": 1.7819410786678453, "y": 0.9745949102120488, "z": 1.0}, "7": {"x": -0.2168405753703463, "y": 0.9047959168070469, "z": 1.0}}, "face": {"0": ["0", "1", "2", "3"], "1": ["0", "3", "5", "4"], "2": ["3", "2", "6", "5"], "3": ["2", "1", "7", "6"], "4": ["1", "0", "4", "7"], "5": ["4", "5", "6", "7"]}, "facedata": {"0": {}, "1": {}, "2": {}, "3": {}, "4": {}, "5": {}}, "edgedata": {}, "max_int_key": 7, "max_int_fkey": 5}, "3": {"attributes": {"name": "Block"}, "dva": {"x": 0.0, "y": 0.0, "z": 0.0}, "dea": {}, "dfa": {}, "vertex": {"0": {"x": 0.2045154064529298, "y": 0.060000000000000005, "z": 0.9825856697736188}, "1": {"x": 0.2045154064529298, "y": 1.06, "z": 0.9825856697736188}, "2": {"x": 2.2042107967657127, "y": 1.06, "z": 1.0174904826481859}, "3": {"x": 2.2042107967657127, "y": 0.060000000000000005, "z": 1.0174904826481859}, "4": {"x": 0.19578920323428803, "y": 0.060000000000000005, "z": 1.4825095173518146}, "5": {"x": 2.195484593547071, "y": 0.060000000000000005, "z": 1.5174143302263816}, "6": {"x": 2.195484593547071, "y": 1.06, "z": 1.5174143302263816}, "7": {"x": 0.19578920323428803, "y": 1.06, "z": 1.4825095173518146}}, "face": {"0": ["0", "1", "2", "3"], "1": ["0", "3", "5", "4"], "2": ["3", "2", "6", "5"], "3": ["2", "1", "7", "6"], "4": ["1", "0", "4", "7"], "5": ["4", "5", "6", "7"]}, "facedata": {"0": {}, "1": {}, "2": {}, "3": {}, "4": {}, "5": {}}, "edgedata": {}, "max_int_key": 7, "max_int_fkey": 5}, "4": {"attributes": {"name": "Block"}, "dva": {"x": 0.0, "y": 0.0, "z": 0.0}, "dea": {}, "dfa": {}, "vertex": {"0": {"x": 0.2, "y": 0.041579712314826905, "z": 1.5076020415964766}, "1": {"x": 0.2, "y": 1.0409705393339226, "z": 1.4727025448939757}, "2": {"x": 2.2, "y": 1.0409705393339226, "z": 1.4727025448939757}, "3": {"x": 2.2, "y": 0.041579712314826905, "z": 1.5076020415964766}, "4": {"x": 0.2, "y": 0.059029460666077394, "z": 2.0072974551060248}, "5": {"x": 2.2, "y": 0.059029460666077394, "z": 2.0072974551060248}, "6": {"x": 2.2, "y": 1.058420287685173, "z": 1.9723979584035236}, "7": {"x": 0.2, "y": 1.058420287685173, "z": 1.9723979584035236}}, "face": {"0": ["0", "1", "2", "3"], "1": ["0", "3", "5", "4"], "2": ["3", "2", "6", "5"], "3": ["2", "1", "7", "6"], "4": ["1", "0", "4", "7"], "5": ["4", "5", "6", "7"]}, "facedata": {"0": {}, "1": {}, "2": {}, "3": {}, "4": {}, "5": {}}, "edgedata": {}, "max_int_key": 7, "max_int_fkey": 5}, "5": {"attributes": {"name": "Block"}, "dva": {"x": 0.0, "y": 0.0, "z": 0.0}, "dea": {}, "dfa": {}, "vertex": {"0": {"x": 0.19188429880527885, "y": 0.05, "z": 2.045051789947727}, "1": {"x": 0.19188429880527885, "y": 1.05, "z": 2.045051789947727}, "2": {"x": 2.1906659528434704, "y": 1.05, "z": 1.9752527965427251}, "3": {"x": 2.1906659528434704, "y": 0.05, "z": 1.9752527965427251}, "4": {"x": 0.20933404715652937, "y": 0.05, "z": 2.5447472034572747}, "5": {"x": 2.2081157011947212, "y": 0.05, "z": 2.474948210052273},