{"assembly": {"attributes": {"name": "Assembly", "color.vertex": null, "color.edge": null, "color.face": null}, "dva": {"x": 0.0, "y": 0.0, "z": 0.0, "is_support": false, "course": null}, "dea": {"interface_points": null, "interface_type": null, "niterface_size": null, "interface_uvw": null, "interface_origin": null, "interface_forces": null}, "vertex": {"0": {"x": 1.2, "y": 0.6, "z": -0.005, "is_support": true, "course": null}, "1": {"x": 1.2000000000000002, "y": 0.5499999999999999, "z": 0.25, "is_support": false, "course": null}, "2": {"x": 0.7999999999999999, "y": 0.44999999999999996, "z": 0.75, "is_support": false, "course": null}, "3": {"x": 1.2000000000000002, "y": 0.5499999999999999, "z": 1.25, "is_support": false, "course": null}, "4": {"x": 1.2000000000000002, "y": 0.5499999999999999, "z": 1.75, "is_support": false, "course": null}, "5": {"x": 1.2000000000000002, "y": 0.5499999999999999, "z": 2.25, "is_support": false, "course": null}, "6": {"x": 0.7999999999999999, "y": 0.44999999999999996, "z": 2.75, "is_support": false, "course": null}, "7": {"x": 0.7999999999999999, "y": 0.44999999999999996, "z": 3.25, "is_support": false, "course": null}, "8": {"x": 1.2000000000000002, "y": 0.5499999999999999, "z": 3.75, "is_support": false, "course": null}, "9": {"x": 1.2000000000000002, "y": 0.5499999999999999, "z": 4.25, "is_support": false, "course": null}, "10": {"x": 1.2000000000000002, "y": 0.5499999999999999, "z": 4.75, "is_support": false, "course": null}}, "edge": {"0": {"1": {"interface_points": [[0.2, 0.08, 0.0], [0.2, 1.08, 0.0], [2.2, 1.08, 0.0], [2.2, 0.08, 0.0]], "interface_type": "face_face", "niterface_size": null, "interface_uvw": [[1.0, 0.0, 0.0], [0.0, 1.0, 0.0], [0.0, 0.0, 1.0]], "interface_origin": [2.0296264668928643e-16, -0.019999999999999907, 0.0], "interface_forces": null, "interface_size": 2.000000000000001}}, "1": {"2": {"interface_points": [[1.81, 0.08, 0.5], [0.2, 0.08, 0.5], [0.2, 0.96, 0.5], [1.81, 0.96, 0.5]], "interface_type": "face_face", "niterface_size": null, "interface_uvw": [[1.0, 0.0, 0.0], [0.0, 1.0, 0.0], [0.0, 0.0, 1.0]], "interface_origin": [0.2, 0.08, 0.5], "interface_forces": null, "interface_size": 1.4168}}, "2": {"3": {"interface_points": [[0.16999999999999998, 0.96, 1.0], [1.81, 0.96, 1.0], [1.81, 0.030000000000000006, 1.0], [0.16999999999999998, 0.030000000000000006, 1.0]], "interface_type": "face_face", "niterface_size": null, "interface_uvw": [[1.0, 0.0, 0.0], [0.0, 1.0, 0.0], [0.0, 0.0, 1.0]], "interface_origin": [-0.19, -0.04, 1.0], "interface_forces": null, "interface_size": 1.5252000000000001}}, "3": {"4": {"interface_points": [[0.2, 1.03, 1.5], [2.1700000000000004, 1.03, 1.5], [2.1700000000000004, 0.05, 1.5], [0.2, 0.05, 1.5]], "interface_type": "face_face", "niterface_size": null, "interface_uvw": [[1.0, 0.0, 0.0], [0.0, 1.0, 0.0], [0.0, 0.0, 1.0]], "interface_origin": [0.17, 0.030000000000000002, 1.5], "interface_forces": null, "interface_size": 1.9306000000000003}}, "4": {"5": {"interface_points": [[0.21000000000000002, 1.05, 2.0], [2.2, 1.05, 2.0], [2.2, 0.08, 2.0], [0.21000000000000002, 0.08, 2.0]], "interface_type": "face_face", "niterface_size": null, "interface_uvw": [[1.0, 0.0, 0.0], [0.0, 1.0, 0.0], [0.0, 0.0, 1.0]], "interface_origin": [0.2, 0.05, 2.0], "interface_forces": null, "interface_size": 1.9303}}, "5": {"6": {"interface_points": [[1.78, 0.08, 2.5], [0.21000000000000002, 0.08, 2.5], [0.21000000000000002, 0.97, 2.5], [1.78, 0.97, 2.5]], "interface_type": "face_face", "niterface_size": null, "interface_uvw": [[1.0, 0.0, 0.0], [0.0, 1.0, 0.0], [0.0, 0.0, 1.0]], "interface_origin": [0.21000000000000002, 0.08, 2.5], "interface_forces": null, "interface_size": 1.3973}}, "6": {"7": {"interface_points": [[1.78, 0.94, 3.0], [1.78, -0.030000000000000002, 3.0], [-0.21000000000000002, -0.030000000000000002, 3.0], [-0.21000000000000002, 0.94, 3.0]], "interface_type": "face_face", "niterface_size": null, "interface_uvw": [[1.0, 0.0, 0.0], [0.0, 1.0, 0.0], [0.0, 0.0, 1.0]], "interface_origin": [-0.22, -0.030000000000000002, 3.0], "interface_forces": null, "interface_size": 1.9303}}, "7": {"8": {"interface_points": [[0.23000000000000004, 0.94, 3.5], [1.79, 0.94, 3.5], [1.79, 0.07, 3.5], [0.23000000000000004, 0.07, 3.5]], "interface_type": "face_face", "niterface_size": null, "interface_uvw": [[1.0, 0.0, 0.0], [0.0, 1.0, 0.0], [0.0, 0.0, 1.0]], "interface_origin": [-0.21000000000000002, -0.060000000000000005, 3.5], "interface_forces": null, "interface_size": 1.3572}}, "8": {"9": {"interface_points": [[2.18, 0.07, 4.0], [0.23, 0.07, 4.0], [0.23, 1.06, 4.0], [2.18, 1.06, 4.0]], "interface_type": "face_face", "niterface_size": null, "interface_uvw": [[1.0, 0.0, 0.0], [0.0, 1.0, 0.0], [0.0, 0.0, 1.0]], "interface_origin": [0.23, 0.07, 4.0], "interface_forces": null, "interface_size": 1.9305}}, "9": {"10": {"interface_points": [[2.18, 1.03, 4.5], [2.18, 0.060000000000000005, 4.5], [0.22, 0.060000000000000005, 4.5], [0.22, 1.03, 4.5]], "interface_type": "face_face", "niterface_size": null, "interface_uvw": [[1.0, 0.0, 0.0], [0.0, 1.0, 0.0], [0.0, 0.0, 1.0]], "interface_origin": [0.18000000000000002, 0.060000000000000005, 4.5], "interface_forces": null, "interface_size": 1.9012}}, "10": {}}, "halfedge": {"0": {"1": "None"}, "1": {"0": "None", "2": "None"}, "2": {"1": "None", "3": "None"}, "3": {"2": "None", "4": "None"}, "4": {"3": "None", "5": "None"}, "5": {"4": "None", "6": "None"}, "6": {"5": "None", "7": "None"}, "7": {"6": "None", "8": "None"}, "8": {"7": "None", "9": "None"}, "9": {"8": "None", "10": "None"}, "10": {"9": "None"}}, "max_int_key": 10}, "blocks": {"0": {"attributes": {"name": "Block"}, "dva": {"x": 0.0, "y": 0.0, "z": 0.0}, "dea": {}, "dfa": {}, "vertex": {"0": {"x": 2.0296264668928643e-16, "y": -0.019999999999999907, "z": -0.01}, "1": {"x": 2.0296264668928643e-16, "y": 1.1800000000000002, "z": -0.01}, "2": {"x": 2.4000000000000004, "y": 1.1800000000000002, "z": -0.01}, "3": {"x": 2.4000000000000004, "y": -0.019999999999999907, "z": -0.01}, "4": {"x": 2.0296264668928643e-16, "y": -0.019999999999999907, "z": 0.0}, "5": {"x": 2.4000000000000004, "y": -0.019999999999999907, "z": 0.0}, "6": {"x": 2.4000000000000004, "y": 1.1800000000000002, "z": 0.0}, "7": {"x": 2.0296264668928643e-16, "y": 1.1800000000000002, "z": 0.0}}, "face": {"0": ["0", "1", "2", "3"], "1": ["0", "3", "5", "4"], "2": ["3", "2", "6", "5"], "3": ["2", "1", "7", "6"], "4": ["1", "0", "4", "7"], "5": ["4", "5", "6", "7"]}, "facedata": {"0": {}, "1": {}, "2": {}, "3": {}, "4": {}, "5": {}}, "edgedata": {}, "max_int_key": 7, "max_int_fkey": 5}, "1": {"attributes": {"name": "Block"}, "dva": {"x": 0.0, "y": 0.0, "z": 0.0}, "dea": {}, "dfa": {}, "vertex": {"0": {"x": 0.2, "y": 0.08, "z": 0.0}, "1": {"x": 0.2, "y": 1.08, "z": 0.0}, "2": {"x": 2.2, "y": 1.08, "z": 0.0}, "3": {"x": 2.2, "y": 0.08, "z": 0.0}, "4": {"x": 0.2, "y": 0.08, "z": 0.5}, "5": {"x": 2.2, "y": 0.08, "z": 0.5}, "6": {"x": 2.2, "y": 1.08, "z": 0.5}, "7": {"x": 0.2, "y": 1.08, "z": 0.5}}, "face": {"0": ["0", "1", "2", "3"], "1": ["0", "3", "5", "4"], "2": ["3", "2", "6", "5"], "3": ["2", "1", "7", "6"], "4": ["1", "0", "4", "7"], "5": ["4", "5", "6", "7"]}, "facedata": {"0": {}, "1": {}, "2": {}, "3": {}, "4": {}, "5": {}}, "edgedata": {}, "max_int_key": 7, "max_int_fkey": 5}, "2": {"attributes": {"name": "Block"}, "dva": {"x": 0.0, "y": 0.0, "z": 0.0}, "dea": {}, "dfa": {}, "vertex": {"0": {"x": -0.19, "y": -0.04, "z": 0.5}, "1": {"x": -0.19, "y": 0.96, "z": 0.5}, "2": {"x": 1.81, "y": 0.96, "z": 0.5}, "3": {"x": 1.81, "y": -0.04, "z": 0.5}, "4": {"x": -0.19, "y": -0.04, "z": 1.0}, "5": {"x": 1.81, "y": -0.04, "z": 1.0}, "6": {"x": 1.81, "y": 0.96, "z": 1.0}, "7": {"x": -0.19, "y": 0.96, "z": 1.0}}, "face": {"0": ["0", "1", "2", "3"], "1": ["0", "3", "5", "4"], "2": ["3", "2", "6", "5"], "3": ["2", "1", "7", "6"], "4": ["1", "0", "4", "7"], "5": ["4", "5", "6", "7"]}, "facedata": {"0": {}, "1": {}, "2": {}, "3": {}, "4": {}, "5": {}}, "edgedata": {},