{"assembly": {"attributes": {"name": "Assembly", "color.vertex": null, "color.edge": null, "color.face": null}, "dva": {"x": 0.0, "y": 0.0, "z": 0.0, "is_support": false, "course": null}, "dea": {"interface_points": null, "interface_type": null, "niterface_size": null, "interface_uvw": null, "interface_origin": null, "interface_forces": null}, "vertex": {"0": {"x": 1.0, "y": 0.6000000000000001, "z": 0.25, "is_support": false, "course": null}, "1": {"x": 1.0, "y": 0.6000000000000001, "z": 0.75, "is_support": false, "course": null}, "2": {"x": 0.9900000000000001, "y": 0.5, "z": 1.25, "is_support": false, "course": null}, "3": {"x": 1.0, "y": 0.6000000000000001, "z": 1.75, "is_support": false, "course": null}, "4": {"x": 1.0, "y": 0.49, "z": 2.25, "is_support": false, "course": null}, "5": {"x": 0.9900000000000001, "y": 0.5, "z": 2.75, "is_support": false, "course": null}, "6": {"x": 0.9900000000000001, "y": 0.5, "z": 3.25, "is_support": false, "course": null}, "7": {"x": 1.0, "y": 0.49, "z": 3.75, "is_support": false, "course": null}, "8": {"x": 0.9500000000000001, "y": 0.5, "z": 4.25, "is_support": false, "course": null}, "9": {"x": 1.0, "y": 0.44999999999999996, "z": 4.75, "is_support": false, "course": null}}, "edge": {"0": {}, "1": {}, "2": {}, "3": {}, "4": {}, "5": {}, "6": {}, "7": {}, "8": {}, "9": {}}, "halfedge": {"0": {}, "1": {}, "2": {}, "3": {}, "4": {}, "5": {}, "6": {}, "7": {}, "8": {}, "9": {}}, "max_int_key": 9}, "blocks": {"0": {"attributes": {"name": "Block"}, "dva": {"x": 0.0, "y": 0.0, "z": 0.0}, "dea": {}, "dfa": {}, "vertex": {"0": {"x": 0.008878508062250469, "y": 0.0826237459845209, "z": 0.01}, "1": {"x": -0.008573898375033046, "y": 1.0824714411409122, "z": 0.01}, "2": {"x": 1.9911214919377496, "y": 1.1173762540154795, "z": 0.01}, "3": {"x": 2.008573898375033, "y": 0.11752855885908792, "z": 0.01}, "4": {"x": 0.008878508062250469, "y": 0.0826237459845209, "z": 0.51}, "5": {"x": 2.008573898375033, "y": 0.11752855885908792, "z": 0.51}, "6": {"x": 1.9911214919377496, "y": 1.1173762540154795, "z": 0.51}, "7": {"x": -0.008573898375033046, "y": 1.0824714411409122, "z": 0.51}}, "face": {"0": ["0", "1", "2", "3"], "1": ["0", "3", "5", "4"], "2": ["3", "2", "6", "5"], "3": ["2", "1", "7", "6"], "4": ["1", "0", "4", "7"], "5": ["4", "5", "6", "7"]}, "facedata": {"0": {}, "1": {}, "2": {}, "3": {}, "4": {}, "5": {}}, "edgedata": {}, "max_int_key": 7, "max_int_fkey": 5}, "1": {"attributes": {"name": "Block"}, "dva": {"x": 0.0, "y": 0.0, "z": 0.0}, "dea": {}, "dfa": {}, "vertex": {"0": {"x": -0.008573898375033008, "y": 0.11752855885908793, "z": 0.49}, "1": {"x": 0.008878508062250507, "y": 1.1173762540154795, "z": 0.49}, "2": {"x": 2.008573898375033, "y": 1.0824714411409122, "z": 0.49}, "3": {"x": 1.9911214919377493, "y": 0.08262374598452091, "z": 0.49}, "4": {"x": -0.008573898375033008, "y": 0.11752855885908793, "z": 0.99}, "5": {"x": 1.9911214919377493, "y": 0.08262374598452091, "z": 0.99}, "6": {"x": 2.008573898375033, "y": 1.0824714411409122, "z": 0.99}, "7": {"x": 0.008878508062250507, "y": 1.1173762540154795, "z": 0.99}}, "face": {"0": ["0", "1", "2", "3"], "1": ["0", "3", "5", "4"], "2": ["3", "2", "6", "5"], "3": ["2", "1", "7", "6"], "4": ["1", "0", "4", "7"], "5": ["4", "5", "6", "7"]}, "facedata": {"0": {}, "1": {}, "2": {}, "3": {}, "4": {}, "5": {}}, "edgedata": {}, "max_int_key": 7, "max_int_fkey": 5}, "2": {"attributes": {"name": "Block"}, "dva": {"x": 0.0, "y": 0.0, "z": 0.0}, "dea": {}, "dfa": {}, "vertex": {"0": {"x": -0.01548459354707036, "y": 0.0, "z": 0.9825856697736187}, "1": {"x": -0.01548459354707036, "y": 1.0, "z": 0.9825856697736187}, "2": {"x": 1.9842107967657123, "y": 1.0, "z": 1.0174904826481856}, "3": {"x": 1.9842107967657123, "y": 0.0, "z": 1.0174904826481856}, "4": {"x": -0.02421079676571212, "y": 0.0, "z": 1.4825095173518144}, "5": {"x": 1.9754845935470704, "y": 0.0, "z": 1.5174143302263814}, "6": {"x": 1.9754845935470704, "y": 1.0, "z": 1.5174143302263814}, "7": {"x": -0.02421079676571212, "y": 1.0, "z": 1.4825095173518144}}, "face": {"0": ["0", "1", "2", "3"], "1": ["0", "3", "5", "4"], "2": ["3", "2", "6", "5"], "3": ["2", "1", "7", "6"], "4": ["1", "0", "4", "7"], "5": ["4", "5", "6", "7"]}, "facedata": {"0": {}, "1": {}, "2": {}, "3": {}, "4": {}, "5": {}}, "edgedata": {}, "max_int_key": 7, "max_int_fkey": 5}, "3": {"attributes": {"name": "Block"}, "dva": {"x": 0.0, "y": 0.0, "z": 0.0}, "dea": {}, "dfa": {}, "vertex": {"0": {"x": 0.028058921332154672, "y": 0.06540508978795116, "z": 1.5}, "1": {"x": -0.006840575370346297, "y": 1.0647959168070469, "z": 1.5}, "2": {"x": 1.9919410786678453, "y": 1.1345949102120487, "z": 1.5}, "3": {"x": 2.026840575370346, "y": 0.1352040831929531, "z": 1.5}, "4": {"x": 0.028058921332154672, "y": 0.06540508978795116, "z": 2.0}, "5": {"x": 2.026840575370346, "y": 0.1352040831929531, "z": 2.0}, "6": {"x": 1.9919410786678453, "y": 1.1345949102120487, "z": 2.0}, "7": {"x": -0.006840575370346297, "y": 1.0647959168070469, "z": 2.0}}, "face": {"0": ["0", "1", "2", "3"], "1": ["0", "3", "5", "4"], "2": ["3", "2", "6", "5"], "3": ["2", "1", "7", "6"], "4": ["1", "0", "4", "7"], "5": ["4", "5", "6", "7"]}, "facedata": {"0": {}, "1": {}, "2": {}, "3": {}, "4": {}, "5": {}}, "edgedata": {}, "max_int_key": 7, "max_int_fkey": 5}, "4": {"attributes": {"name": "Block"}, "dva": {"x": 0.0, "y": 0.0, "z": 0.0}, "dea": {}, "dfa": {}, "vertex": {"0": {"x": 0.0, "y": -0.014286949187516561, "z": 1.998764279429544}, "1": {"x": 0.0, "y": 0.9855607459688747, "z": 1.9813118729922603}, "2": {"x": 2.0, "y": 0.9855607459688747, "z": 1.9813118729922603}, "3": {"x": 2.0, "y": -0.014286949187516561, "z": 1.998764279429544}, "4": {"x": 0.0, "y": -0.005560745968874806, "z": 2.4986881270077395}, "5": {"x": 2.0, "y": -0.005560745968874806, "z": 2.4986881270077395}, "6": {"x": 2.0, "y": 0.9942869491875164, "z": 2.481235720570456}, "7": {"x": 0.0, "y": 0.9942869491875164, "z": 2.481235720570456}}, "face": {"0": ["0", "1", "2", "3"], "1": ["0", "3", "5", "4"], "2": ["3", "2", "6", "5"], "3": ["2", "1", "7", "6"], "4": ["1", "0", "4", "7"], "5": ["4", "5", "6", "7"]}, "facedata": {"0": {}, "1": {}, "2": {}, "3": {}, "4": {}, "5": {}}, "edgedata": {}, "max_int_key": 7, "max_int_fkey": 5}, "5": {"attributes": {"name": "Block"}, "dva": {"x": 0.0, "y": 0.0, "z": 0.0}, "dea": {}, "dfa": {}, "vertex": {"0": {"x": -0.02684057537034632, "y": 0.0452040831929531, "z": 2.5}, "1": {"x": 0.008058921332154648, "y": 1.0445949102120489, "z": 2.5}, "2": {"x": 2.0068405753703464, "y": 0.9747959168070469, "z": 2.5}, "3": {"x": 1.9719410786678453, "y": -0.02459491021204884, "z": 2.5}, "4": {"x": -0.02684057537034632, "y": 0.0452040831929531, "z": 3.0}, "5": {"x": 1.9719410786678453, "y": -0.02459491021204884, "z": 3.0}, "6": {"x": 2.0068405753703464, "y": 0.9747959168070469, "z": 3.0}, "7": {"x": 0.008058921332154648, "y": 1.0445949102120489, "z": 3.0}}, "face": {"0": ["0", "1", "2", "3"], "1": ["0", "3", "5", "4"], "2": ["3", "2", "6", "5"], "3": ["2", "1", "7", "6"], "4": ["1", "0", "4", "7"], "5": ["4", "5", "6", "7"]}, "facedata": {"0": {}, "1": {}, "2": {}, "3": {}, "4": {}, "5": {}}, "edgedata": {}, "max_int_key": 7, "max_int_fkey": 5}, "6": {"attributes": {"name": "Block"}, "dva": {"x": 0.0, "y": 0.0, "z": 0.0}, "dea": {}, "dfa": {}, "vertex": {"0": {"x": -0.014210796765712089, "y": 0.0, "z": 3.0274904826481857}, "1": {"x": -0.014210796765712089, "y": 1.0, "z": 3.0274904826481857}, "2": {"x": 1.9854845935470706, "y": 1.0, "z": 2.992585669773619}, "3": {"x": 1.9854845935470706, "y": 0.0, "z": 2.992585669773619}, "4": {"x": -0.005484593547070343, "y": 0.0, "z": 3.527414330226381}, "5": {"x": 1.9942107967657123, "y": 0.0, "z": 3.4925095173518144}, "6": {"x": 1.9942107967657123, "y": 1.0, "z": 3.4925095173518144}, "7": {"x": -0.005484593547070343, "y": 1.0, "z": 3.527414330226381}}, "face": {"0": ["0", "1", "2", "3"], "1": ["0", "3", "5", "4"], "2": ["3", "2", "6", "5"], "3": ["2", "1", "7", "6"], "4": ["1", "0", "4", "7"],