{"graph": {"node": {"3": {"block": {"dtype": "compas_assembly.datastructures/Block", "value": {"max_vertex": 7, "max_face": 5, "dfa": {}, "vertex": {"0": {"y": 1.4167413310978572, "z": 1.5506159115139206, "x": 0.1035238861514316}, "1": {"y": 1.7782847585158925, "z": 1.5632412862040423, "x": 1.3242740695304172}, "2": {"y": 1.8053508599300954, "z": 0.78816955072585126, "x": 1.3242740695304172}, "3": {"y": -0.4763236062017952, "z": 0.70849172263885285, "x": 0.67289289271794916}, "4": {"y": 1.44380743251206, "z": 0.77554417603572956, "x": 0.1035238861514316}, "5": {"y": -0.50338970761599811, "z": 1.483563458117044, "x": 0.67289289271794916}, "6": {"y": -0.14184628019796269, "z": 1.4961888328071657, "x": 1.8936430760969347}, "7": {"y": -0.11478017878375979, "z": 0.72111709732897455, "x": 1.8936430760969347}}, "dea": {}, "face": {"0": [3, 7, 6, 5], "1": [7, 2, 1, 6], "2": [2, 4, 0, 1], "3": [4, 3, 5, 0], "4": [3, 4, 2, 7], "5": [5, 6, 1, 0]}, "facedata": {"0": {}, "1": {}, "2": {}, "3": {}, "4": {}, "5": {}}, "attributes": {"name": null, "node": 3}, "dva": {"y": 0.0, "z": 0.0, "x": 0.0}, "edgedata": {}}, "guid": "10cfcdef-a9ac-4261-95b0-73831f474719"}}, "5": {"block": {"dtype": "compas_assembly.datastructures/Block", "value": {"max_vertex": 7, "max_face": 5, "dfa": {}, "vertex": {"0": {"y": 0.5660740869958899, "z": 1.5209099567684554, "x": 0.86806759751595242}, "1": {"y": 1.2016722813436962, "z": 1.5431055348026461, "x": 1.8704115417065987}, "2": {"y": 0.5654472893425746, "z": 1.520888068512086, "x": 1.870013046325399}, "3": {"y": 1.2022990789970116, "z": 1.5431274230590155, "x": 0.86846609289715238}, "4": {"y": 1.1887660282899102, "z": 1.9306632907981107, "x": 0.86846609289715238}, "5": {"y": 0.55191423863547329, "z": 1.9084239362511812, "x": 1.870013046325399}, "6": {"y": 0.55254103628878859, "z": 1.9084458245075506, "x": 0.86806759751595242}, "7": {"y": 1.1881392306365948, "z": 1.9306414025417413, "x": 1.8704115417065987}}, "dea": {}, "face": {"0": [2, 1, 7, 5], "1": [3, 1, 2, 0], "2": [0, 2, 5, 6], "3": [4, 7, 1, 3], "4": [6, 5, 7, 4], "5": [0, 6, 4, 3]}, "facedata": {"0": {}, "1": {}, "2": {}, "3": {}, "4": {}, "5": {}}, "attributes": {"name": null, "node": 5}, "dva": {"y": 0.0, "z": 0.0, "x": 0.0}, "edgedata": {}}, "guid": "6fb31f33-c510-454e-8aa8-26e87a990def"}}, "0": {"block": {"dtype": "compas_assembly.datastructures/Block", "value": {"max_vertex": 7, "max_face": 6, "dfa": {}, "vertex": {"0": {"y": -1.5, "z": 0.0, "x": 1.5}, "1": {"y": -0.309084943199879, "z": 1.1023402777230094, "x": 1.2832679844074419}, "2": {"y": -0.809084943199879, "z": 1.1023402777230094, "x": 1.2832679844074419}, "3": {"y": -0.99999999999999956, "z": 0.0, "x": 1.9999999999999996}, "4": {"y": -1.3734188772888447, "z": 0.30746635825326019, "x": 1.8734188772888447}, "5": {"y": -0.87521485597359105, "z": 1.1023402777230094, "x": 1.7171380716337299}, "6": {"y": -1.0, "z": 0.0, "x": 1.5}, "7": {"y": -0.309084943199879, "z": 1.1023402777230094, "x": 1.7832679844074419}}, "dea": {}, "face": {"0": [6, 3, 0], "1": [3, 6, 1, 7], "2": [6, 0, 2, 1], "3": [4, 0, 3], "4": [7, 5, 4, 3], "5": [5, 2, 0, 4], "6": [7, 1, 2, 5]}, "facedata": {"0": {}, "1": {}, "2": {}, "3": {}, "4": {}, "5": {}, "6": {}}, "attributes": {"name": null, "node": 0}, "dva": {"y": 0.0, "z": 0.0, "x": 0.0}, "edgedata": {}}, "guid": "0077caad-2c0f-43fe-b992-982c76bce440"}}, "4": {"block": {"dtype": "compas_assembly.datastructures/Block", "value": {"max_vertex": 7, "max_face": 5, "dfa": {}, "vertex": {"0": {"y": 2.0038912902094843, "z": 0.0, "x": 1.273225848078444}, "1": {"y": 0.0, "z": 0.0, "x": 0.0}, "2": {"y": 2.0038912902094843, "z": 0.77554417603572956, "x": 0.0}, "3": {"y": 0.0, "z": 0.77554417603572956, "x": 0.0}, "4": {"y": 0.0, "z": 0.0, "x": 1.273225848078444}, "5": {"y": 2.0038912902094843, "z": 0.0, "x": 0.0}, "6": {"y": 2.0038912902094843, "z": 0.77554417603572956, "x": 1.273225848078444}, "7": {"y": 0.0, "z": 0.77554417603572956, "x": 1.273225848078444}}, "dea": {}, "face": {"0": [1, 4, 7, 3], "1": [4, 0, 6, 7], "2": [0, 5, 2, 6], "3": [5, 1, 3, 2], "4": [1, 5, 0, 4], "5": [3, 7, 6, 2]}, "facedata": {"0": {}, "1": {}, "2": {}, "3": {}, "4": {}, "5": {}}, "attributes": {"name": null, "node": 4}, "dva": {"y": 0.0, "z": 0.0, "x": 0.0}, "edgedata": {}}, "guid": "bdb6c3a4-0bcb-4597-a300-6eefc6476bdb"}}, "2": {"block": {"dtype": "compas_assembly.datastructures/Block", "value": {"max_vertex": 7, "max_face": 5, "dfa": {}, "vertex": {"0": {"y": 0.99999999999999989, "z": 0.23706204029366029, "x": -1.1838520847088958}, "1": {"y": 2.0020970273386407, "z": 0.83588591542552904, "x": 0.077805676651769851}, "2": {"y": 1.0020993911224365, "z": 1.0738901721345493, "x": -0.10483149800496583}, "3": {"y": 1.9999976362162042, "z": -0.00094221641536000719, "x": -1.0012149100521601}, "4": {"y": 1.0020993911224365, "z": 0.836828131840889, "x": 0.079020586703929974}, "5": {"y": 1.9999976362162042, "z": 0.23611982387830027, "x": -1.1850669947610559}, "6": {"y": 2.0020970273386407, "z": 1.0729479557191892, "x": -0.10604640805712595}, "7": {"y": 0.99999999999999989, "z": 3.2526065174565133e-19, "x": -1.0}}, "dea": {}, "face": {"0": [3, 7, 0, 5], "1": [7, 4, 2, 0], "2": [4, 1, 6, 2], "3": [1, 3, 5, 6], "4": [3, 1, 4, 7], "5": [5, 0, 2, 6]}, "facedata": {"0": {}, "1": {}, "2": {}, "3": {}, "4": {}, "5": {}}, "attributes": {"name": null, "node": 2}, "dva": {"y": 0.0, "z": 0.0, "x": 0.0}, "edgedata": {}}, "guid": "1982f368-54f2-47be-b928-665b8d4a8a54"}}, "1": {"block": {"dtype": "compas_assembly.datastructures/Block", "value": {"max_vertex": 3, "max_face": 3, "dfa": {}, "vertex": {"0": {"y": 0.7123898252235833, "z": 2.917992519643021, "x": 0.85864741817591417}, "1": {"y": 1.3154058540117293, "z": 1.9237162285342417, "x": 0.84975367525881029}, "2": {"y": 0.40460366120798608, "z": 1.9070695450085984, "x": 0.37326592976047646}, "3": {"y": 0.44719875992595259, "z": 1.9237162285342417, "x": 1.4002941005481127}}, "dea": {}, "face": {"0": [2, 3, 0], "1": [3, 1, 0], "2": [1, 2, 0], "3": [2, 1, 3]}, "facedata": {"0": {}, "1": {}, "2": {}, "3": {}}, "attributes": {"name": null, "node": 1}, "dva": {"y": 0.0, "z": 0.0, "x": 0.0}, "edgedata": {}}, "guid": "bdbfaa4b-3503-4afb-87d7-60b7e48f104c"}}, "6": {"block": {"dtype": "compas_assembly.datastructures/Block", "value": {"max_vertex": 7, "max_face": 5, "dfa": {}, "vertex": {"0": {"y": 1.2022990789970116, "z": 1.5431274230590155, "x": 0.86846609289715238}, "1": {"y": 1.2029258766503266, "z": 1.5431493113153849, "x": -0.13347935591229423}, "2": {"y": 0.55316783394210378, "z": 1.90846771276392, "x": -0.13387785129349417}, "3": {"y": 1.1887660282899102, "z": 1.9306632907981107, "x": 0.86846609289715238}, "4": {"y": 0.56670088464920509, "z": 1.5209318450248248, "x": -0.13387785129349417}, "5": {"y": 0.55254103628878859, "z": 1.9084458245075506, "x": 0.86806759751595242}, "6": {"y": 1.1893928259432252, "z": 1.9306851790544801, "x": -0.13347935591229423}, "7": {"y": 0.5660740869958899, "z": 1.5209099567684554, "x": 0.86806759751595242}}, "dea": {}, "face": {"0": [7, 5, 2, 4], "1": [3, 0, 1, 6], "2": [1, 4, 2, 6], "3": [5, 3, 6, 2], "4": [0, 7, 4, 1], "5": [7, 0, 3, 5]}, "facedata": {"0": {}, "1": {}, "2": {}, "3": {}, "4": {}, "5": {}}, "attributes": {"name": null, "node": 6}, "dva": {"y": 0.0, "z": 0.0, "x": 0.0}, "edgedata": {}}, "guid": "c4854add-3098-4d32-a090-caee064c2ee8"}}}, "adjacency": {"3": {"5": null, "6": null, "4": null}, "5": {"1": null, "3": null, "6": null}, "0": {}, "4": {"3": null}, "2": {}, "1": {"6": null, "5": null}, "6": {"1": null, "3": null, "5": null}}, "max_node": 6, "dna": {"block": null}, "edge": {"3": {"5": {"interface": {"dtype": "compas_assembly.datastructures/Interface", "value": {"points": [[1.6838775299834574, 0.56556373211396538, 1.5208921347832649], [0.86806759751595242, 0.5660740869958899, 1.5209099567684556], [0.86846609289715238, 1.2022990789970118, 1.5431274230590157], [1.4951851251863313, 1.2019070157173255, 1.5431137319075998]], "size": 0.45916638108968799,